Loan_ID,Gender,Married,Dependents,Education,Self_Employed,ApplicantIncome,CoapplicantIncome,LoanAmount,Loan_Amount_Term,Credit_History,Property_Area,Loan_Status
LP000001,Male,No,2,Not Graduate,No,2970,6104,273,180,1,Rural,Y
LP000002,Female,Yes,3+,Not Graduate,Yes,6806,6409,537,240,1,Rural,Y
LP000003,Male,Yes,1,Not Graduate,Yes,7142,4916,278,120,1,Urban,Y
LP000004,Male,Yes,3+,Not Graduate,Yes,13014,7246,439,120,0,Semiurban,Y
LP000005,Male,Yes,3+,Graduate,No,3819,7482,638,180,1,Rural,Y
LP000006,Female,Yes,2,Graduate,No,10094,4757,237,300,1,Semiurban,Y
LP000007,Male,No,3+,Not Graduate,No,1364,2994,319,120,1,Semiurban,Y
LP000008,Male,Yes,2,Graduate,No,5258,559,656,120,1,Rural,Y
LP000009,Male,No,0,Not Graduate,No,4119,2964,359,300,1,Urban,Y
LP000010,Female,No,0,Graduate,No,11750,7034,181,180,1,Semiurban,Y
LP000011,Male,Yes,2,Not Graduate,No,2863,1271,600,120,1,Rural,Y
LP000012,Male,Yes,0,Not Graduate,Yes,1115,1813,121,300,1,Semiurban,Y
LP000013,Male,No,1,Graduate,No,8084,2915,236,120,1,Semiurban,Y
LP000014,Male,Yes,3+,Graduate,Yes,9016,609,535,240,1,Semiurban,Y
LP000015,Female,Yes,1,Not Graduate,Yes,3384,2461,240,360,1,Semiurban,Y
LP000016,Male,No,3+,Not Graduate,No,14168,4120,471,240,1,Semiurban,Y
LP000017,Female,No,0,Graduate,No,4935,6124,169,120,0,Urban,Y
LP000018,Female,Yes,1,Graduate,Yes,14127,283,269,180,1,Urban,Y
LP000019,Female,No,0,Not Graduate,Yes,8742,5568,102,360,1,Rural,Y
LP000020,Male,Yes,3+,Graduate,No,6442,2928,500,240,1,Urban,Y
LP000021,Female,Yes,2,Not Graduate,No,3490,4396,461,300,1,Urban,Y
LP000022,Male,Yes,2,Not Graduate,Yes,7980,1091,692,180,1,Urban,Y
LP000023,Female,No,1,Not Graduate,No,14324,5126,286,240,1,Semiurban,Y
LP000024,Female,No,0,Not Graduate,No,10134,816,455,300,1,Semiurban,Y
LP000025,Female,No,0,Graduate,No,8661,7304,657,120,0,Rural,Y
LP000026,Female,No,1,Graduate,Yes,2724,7331,471,300,1,Rural,Y
LP000027,Female,No,2,Graduate,Yes,11526,82,296,240,1,Rural,Y
LP000028,Female,Yes,3+,Graduate,Yes,9182,1920,121,240,1,Semiurban,Y
LP000029,Female,Yes,1,Graduate,No,3767,7817,234,120,1,Urban,Y
LP000030,Female,Yes,3+,Graduate,No,2137,3491,55,300,0,Urban,Y
LP000031,Male,Yes,2,Graduate,Yes,11719,3144,255,300,1,Semiurban,Y
LP000032,Male,No,0,Not Graduate,Yes,5117,7404,593,120,1,Rural,Y
LP000033,Female,Yes,2,Graduate,Yes,4420,2093,660,300,0,Rural,Y
LP000034,Female,No,1,Graduate,No,6845,4713,436,120,1,Rural,Y
LP000035,Female,Yes,0,Not Graduate,Yes,5778,7071,125,180,1,Semiurban,Y
LP000036,Male,No,1,Graduate,Yes,4906,7967,226,240,1,Rural,Y
LP000037,Female,No,1,Graduate,No,4637,6405,398,180,1,Rural,Y
LP000038,Male,Yes,2,Not Graduate,No,3953,175,304,360,0,Semiurban,Y
LP000039,Male,Yes,1,Graduate,No,6929,5285,357,360,1,Urban,Y
LP000040,Male,Yes,2,Graduate,Yes,11559,2704,394,360,1,Semiurban,Y
LP000041,Male,Yes,0,Graduate,No,13413,4937,176,120,1,Semiurban,Y
LP000042,Male,No,2,Not Graduate,No,1276,369,336,300,1,Semiurban,Y
LP000043,Female,Yes,0,Graduate,Yes,2999,1818,645,180,1,Semiurban,Y
LP000044,Female,Yes,2,Graduate,No,2227,2101,536,180,1,Urban,Y
LP000045,Female,No,3+,Not Graduate,Yes,7337,4785,432,180,1,Rural,Y
LP000046,Female,Yes,3+,Graduate,Yes,12944,3490,455,180,1,Semiurban,Y
LP000047,Female,Yes,1,Not Graduate,No,4735,1779,437,360,1,Urban,Y
LP000048,Male,Yes,2,Not Graduate,No,1695,7674,574,180,1,Rural,Y
LP000049,Female,Yes,2,Graduate,No,10501,1364,606,300,1,Rural,Y
LP000050,Female,Yes,0,Not Graduate,No,5152,7294,688,360,1,Rural,Y
LP000051,Male,No,1,Not Graduate,No,8901,5528,675,180,1,Semiurban,Y
LP000052,Female,Yes,2,Graduate,No,8470,4462,325,120,1,Semiurban,Y
LP000053,Male,Yes,1,Not Graduate,Yes,12426,3342,549,240,1,Rural,Y
LP000054,Female,Yes,3+,Not Graduate,Yes,13306,4739,386,240,1,Rural,Y
LP000055,Male,Yes,2,Graduate,No,8537,3676,530,240,1,Rural,Y
LP000056,Female,Yes,2,Graduate,Yes,11503,2426,322,360,1,Rural,Y
LP000057,Female,No,1,Graduate,No,3841,72,107,180,1,Rural,Y
LP000058,Male,Yes,2,Not Graduate,Yes,5208,2962,377,360,0,Rural,Y
LP000059,Male,No,1,Graduate,Yes,12751,5367,158,300,0,Urban,Y
LP000060,Male,No,2,Not Graduate,Yes,12590,859,328,120,1,Rural,Y
LP000061,Male,Yes,0,Not Graduate,No,9733,3856,377,120,1,Semiurban,Y
LP000062,Male,Yes,1,Not Graduate,Yes,11886,4138,364,240,1,Semiurban,Y
LP000063,Male,Yes,2,Not Graduate,No,13866,2424,523,240,0,Semiurban,Y
LP000064,Male,Yes,3+,Not Graduate,Yes,2088,1064,160,240,0,Rural,Y
LP000065,Male,No,2,Not Graduate,Yes,4363,2217,278,180,1,Semiurban,Y
LP000066,Female,Yes,3+,Not Graduate,Yes,1024,4017,546,300,1,Urban,Y
LP000067,Female,Yes,3+,Graduate,Yes,10764,2259,205,300,1,Rural,Y
LP000068,Male,Yes,0,Graduate,Yes,7144,5612,522,300,1,Semiurban,Y
LP000069,Female,Yes,1,Not Graduate,No,12150,3751,321,300,1,Urban,Y
LP000070,Female,Yes,2,Not Graduate,No,6668,2086,51,240,1,Urban,Y
LP000071,Female,Yes,0,Graduate,Yes,5236,368,560,120,1,Semiurban,Y
LP000072,Female,No,2,Not Graduate,Yes,10959,2804,335,240,0,Urban,Y
LP000073,Male,No,3+,Graduate,Yes,13935,150,62,300,1,Semiurban,Y
LP000074,Female,Yes,1,Graduate,Yes,9068,1134,657,240,1,Urban,Y
LP000075,Male,Yes,2,Graduate,No,3235,5599,547,300,1,Rural,Y
LP000076,Female,Yes,2,Not Graduate,Yes,8295,5555,287,360,1,Rural,Y
LP000077,Female,No,3+,Not Graduate,No,9392,5166,143,120,0,Rural,Y
LP000078,Female,Yes,2,Graduate,Yes,12390,5119,387,360,0,Rural,Y
LP000079,Male,No,2,Graduate,No,9448,5694,220,180,1,Rural,Y
LP000080,Female,Yes,3+,Graduate,Yes,4747,2784,655,240,1,Semiurban,Y
LP000081,Male,Yes,0,Graduate,Yes,13834,6136,673,180,0,Rural,Y
LP000082,Female,Yes,3+,Graduate,No,11433,5485,616,240,1,Rural,Y
LP000083,Male,Yes,0,Not Graduate,Yes,4175,4164,516,360,1,Rural,Y
LP000084,Female,No,1,Graduate,Yes,12798,2346,677,300,0,Rural,Y
LP000085,Male,No,0,Not Graduate,Yes,12528,5039,192,300,1,Urban,Y
LP000086,Male,Yes,0,Graduate,No,5897,4897,250,240,1,Rural,Y
LP000087,Female,Yes,1,Not Graduate,Yes,6037,6439,229,300,1,Rural,Y
LP000088,Male,No,0,Not Graduate,Yes,8427,2250,413,360,1,Semiurban,Y
LP000089,Female,No,3+,Not Graduate,No,9605,60,528,300,1,Urban,Y
LP000090,Female,No,0,Not Graduate,No,3014,5041,614,360,0,Semiurban,Y
LP000091,Female,No,1,Not Graduate,No,2381,3010,520,180,1,Rural,Y
LP000092,Female,Yes,3+,Not Graduate,Yes,2098,3901,433,360,1,Semiurban,Y
LP000093,Female,No,1,Graduate,Yes,4426,1337,466,120,1,Semiurban,Y
LP000094,Female,Yes,1,Not Graduate,Yes,4655,1184,357,120,0,Rural,Y
LP000095,Female,No,2,Graduate,No,8938,4426,698,120,0,Urban,Y
LP000096,Female,No,2,Not Graduate,Yes,10101,1551,416,240,0,Urban,Y
LP000097,Female,No,1,Not Graduate,Yes,1187,4433,50,240,0,Semiurban,N
LP000098,Female,No,1,Graduate,No,13236,1629,93,240,1,Rural,Y
LP000099,Female,No,1,Not Graduate,No,12948,1327,147,360,1,Semiurban,Y
LP000100,Male,Yes,2,Graduate,No,11207,1526,314,240,1,Semiurban,Y
LP000101,Male,Yes,2,Graduate,No,6409,1673,189,180,1,Semiurban,Y
LP000102,Female,No,0,Graduate,No,3092,1361,530,120,1,Rural,Y
LP000103,Female,No,0,Graduate,Yes,12836,1573,286,360,0,Rural,Y
LP000104,Female,Yes,1,Not Graduate,No,3130,2686,121,120,1,Urban,Y
LP000105,Female,No,3+,Not Graduate,Yes,6242,4370,239,240,1,Rural,Y
LP000106,Female,No,3+,Graduate,Yes,9549,5283,317,360,1,Semiurban,Y
LP000107,Female,Yes,2,Not Graduate,No,6647,7610,370,300,1,Semiurban,Y
LP000108,Female,No,2,Not Graduate,No,6185,2366,156,180,1,Urban,Y
LP000109,Female,No,2,Graduate,No,6776,6732,281,240,1,Rural,Y
LP000110,Male,Yes,1,Not Graduate,Yes,11614,6647,91,240,1,Semiurban,Y
LP000111,Female,Yes,3+,Graduate,No,13449,3757,188,180,1,Urban,Y
LP000112,Male,Yes,0,Graduate,No,8913,2434,664,180,1,Urban,Y
LP000113,Female,No,1,Not Graduate,No,8547,1993,322,300,1,Semiurban,Y
LP000114,Female,Yes,0,Not Graduate,No,8823,869,530,240,0,Semiurban,Y
LP000115,Male,Yes,0,Not Graduate,No,8355,6976,465,240,1,Rural,Y
LP000116,Female,Yes,1,Graduate,Yes,7465,1014,555,120,0,Urban,Y
LP000117,Male,Yes,0,Graduate,Yes,13737,1911,473,360,1,Semiurban,Y
LP000118,Female,Yes,3+,Not Graduate,Yes,2497,602,456,360,1,Urban,Y
LP000119,Female,Yes,0,Not Graduate,No,14324,3821,617,120,1,Rural,Y
LP000120,Male,No,3+,Not Graduate,No,11350,5895,439,360,1,Semiurban,Y
LP000121,Female,No,3+,Not Graduate,No,3555,690,391,180,1,Rural,Y
LP000122,Male,Yes,3+,Graduate,Yes,6409,493,663,360,1,Urban,Y
LP000123,Female,Yes,2,Not Graduate,No,11534,489,542,360,1,Rural,Y
LP000124,Male,Yes,0,Graduate,No,3951,6864,241,120,1,Rural,Y
LP000125,Male,No,1,Graduate,No,2238,7240,548,300,1,Urban,Y
LP000126,Female,No,1,Not Graduate,Yes,10165,2556,282,360,1,Rural,Y
LP000127,Female,No,0,Not Graduate,No,5727,4485,276,360,1,Urban,Y
LP000128,Male,No,2,Not Graduate,Yes,4965,7786,420,300,1,Semiurban,Y
LP000129,Female,No,2,Graduate,No,6686,294,188,120,1,Urban,Y
LP000130,Female,No,3+,Not Graduate,Yes,10242,5488,198,300,1,Urban,Y
LP000131,Female,No,0,Not Graduate,Yes,4701,4027,164,120,0,Semiurban,Y
LP000132,Male,No,0,Graduate,Yes,3780,2843,499,180,0,Urban,Y
LP000133,Male,No,1,Not Graduate,No,8398,2912,112,120,0,Semiurban,Y
LP000134,Male,Yes,0,Graduate,No,2588,1717,153,180,1,Semiurban,Y
LP000135,Male,Yes,2,Not Graduate,Yes,13070,2596,322,180,1,Urban,Y
LP000136,Male,Yes,0,Graduate,Yes,3368,4744,55,120,1,Rural,Y
LP000137,Male,Yes,1,Not Graduate,No,6789,1873,196,240,1,Rural,Y
LP000138,Male,No,3+,Not Graduate,No,1436,4663,233,120,1,Semiurban,Y
LP000139,Male,No,1,Graduate,Yes,3828,3258,77,360,1,Rural,Y
LP000140,Male,Yes,1,Graduate,No,2556,6996,599,360,1,Rural,Y
LP000141,Female,No,3+,Not Graduate,No,8570,2817,168,240,1,Urban,Y
LP000142,Male,Yes,1,Graduate,No,14364,444,342,180,1,Semiurban,Y
LP000143,Female,No,1,Graduate,No,13050,3641,420,240,1,Semiurban,Y
LP000144,Female,Yes,0,Graduate,Yes,8480,4458,293,360,1,Urban,Y
LP000145,Female,No,0,Graduate,No,10496,6266,629,240,1,Rural,Y
LP000146,Male,No,3+,Not Graduate,No,11576,5307,267,120,1,Semiurban,Y
LP000147,Male,Yes,0,Not Graduate,Yes,1182,741,226,240,1,Rural,Y
LP000148,Male,No,0,Graduate,Yes,8190,2041,348,180,0,Semiurban,Y
LP000149,Male,Yes,1,Graduate,No,7687,679,107,120,1,Semiurban,Y
LP000150,Female,Yes,2,Graduate,No,6565,2467,318,300,1,Semiurban,Y
LP000151,Male,Yes,0,Graduate,No,8241,3697,357,360,1,Semiurban,Y
LP000152,Male,Yes,2,Not Graduate,No,8651,7419,619,360,1,Rural,Y
LP000153,Male,No,0,Not Graduate,Yes,6575,5738,337,240,1,Rural,Y
LP000154,Male,No,0,Graduate,Yes,2589,5668,154,120,1,Rural,Y
LP000155,Male,No,3+,Graduate,Yes,10779,1358,277,300,1,Rural,Y
LP000156,Female,Yes,3+,Graduate,No,9851,6235,296,120,1,Urban,Y
LP000157,Male,No,3+,Not Graduate,No,1159,7697,543,360,0,Semiurban,N
LP000158,Female,Yes,2,Graduate,No,13145,62,132,120,0,Semiurban,Y
LP000159,Male,No,1,Not Graduate,No,7555,7829,235,300,0,Semiurban,Y
LP000160,Female,No,0,Graduate,Yes,10203,2559,301,240,0,Urban,Y
LP000161,Male,No,0,Not Graduate,Yes,9244,5258,404,180,1,Rural,Y
LP000162,Male,Yes,0,Graduate,No,14333,3769,259,120,0,Semiurban,Y
LP000163,Female,No,2,Not Graduate,Yes,14341,7352,658,180,1,Rural,Y
LP000164,Female,No,3+,Graduate,No,7846,5324,496,360,0,Rural,Y
LP000165,Female,Yes,1,Graduate,No,3307,6915,509,240,1,Urban,Y
LP000166,Male,No,2,Graduate,Yes,2228,7381,521,240,0,Urban,Y
LP000167,Female,Yes,3+,Not Graduate,No,8226,4351,419,120,1,Rural,Y
LP000168,Male,No,2,Graduate,No,6590,134,541,240,0,Semiurban,Y
LP000169,Male,Yes,1,Not Graduate,Yes,7919,3644,186,120,1,Semiurban,Y
LP000170,Female,Yes,3+,Not Graduate,No,6585,4970,416,120,1,Urban,Y
LP000171,Female,No,2,Graduate,No,10227,4917,233,180,0,Urban,Y
LP000172,Male,Yes,1,Graduate,Yes,12894,2135,637,240,1,Urban,Y
LP000173,Male,Yes,0,Graduate,No,7046,7131,336,120,0,Urban,Y
LP000174,Female,Yes,1,Not Graduate,Yes,13237,3278,521,180,1,Urban,Y
LP000175,Female,Yes,0,Graduate,No,5945,7296,424,300,0,Urban,Y
LP000176,Female,Yes,2,Not Graduate,Yes,8927,822,586,180,1,Urban,Y
LP000177,Male,Yes,3+,Not Graduate,Yes,13641,3074,560,180,1,Semiurban,Y
LP000178,Male,No,3+,Graduate,Yes,14386,5069,628,120,1,Urban,Y
LP000179,Male,Yes,2,Graduate,No,8016,2981,299,360,1,Urban,Y
LP000180,Male,Yes,3+,Graduate,Yes,8758,5873,559,360,1,Semiurban,Y
LP000181,Male,No,3+,Graduate,Yes,14752,120,679,360,0,Semiurban,Y
LP000182,Male,No,0,Graduate,Yes,6086,7552,122,180,1,Rural,Y
LP000183,Female,No,2,Graduate,Yes,10456,1637,331,120,1,Urban,Y
LP000184,Male,No,1,Not Graduate,Yes,8161,7205,409,240,0,Urban,Y
LP000185,Male,No,0,Not Graduate,No,2884,5460,59,180,0,Urban,Y
LP000186,Male,No,2,Not Graduate,No,2809,5103,260,180,0,Urban,Y
LP000187,Female,No,0,Graduate,No,4167,924,201,120,1,Rural,Y
LP000188,Male,Yes,1,Not Graduate,No,12989,644,54,300,1,Semiurban,Y
LP000189,Male,Yes,1,Not Graduate,No,11533,2032,244,180,0,Semiurban,Y
LP000190,Female,No,2,Not Graduate,No,7352,2761,332,300,1,Urban,Y
LP000191,Male,Yes,1,Not Graduate,No,12606,7003,513,300,1,Urban,Y
LP000192,Male,Yes,0,Not Graduate,Yes,14399,2068,162,360,1,Urban,Y
LP000193,Male,Yes,1,Graduate,No,10009,241,320,120,1,Rural,Y
LP000194,Male,No,0,Graduate,Yes,7056,6598,212,300,1,Rural,Y
LP000195,Male,No,0,Not Graduate,Yes,3437,7106,509,120,1,Semiurban,Y
LP000196,Female,Yes,1,Not Graduate,No,7468,2668,154,360,1,Urban,Y
LP000197,Female,No,2,Not Graduate,Yes,10080,6446,605,120,1,Urban,Y
LP000198,Female,Yes,3+,Graduate,Yes,6951,5715,331,180,0,Urban,Y
LP000199,Male,Yes,1,Graduate,Yes,6276,7762,211,300,1,Urban,Y
LP000200,Male,Yes,0,Not Graduate,Yes,9859,802,400,120,1,Rural,Y
LP000201,Male,Yes,0,Graduate,No,8818,5059,483,240,1,Semiurban,Y
LP000202,Female,No,1,Graduate,No,5728,4164,189,120,0,Semiurban,Y
LP000203,Male,No,2,Not Graduate,No,3624,5248,520,300,1,Rural,Y
LP000204,Male,No,2,Graduate,No,6738,195,181,360,1,Urban,Y
LP000205,Female,Yes,0,Graduate,No,5232,2187,136,360,1,Semiurban,Y
LP000206,Male,No,0,Not Graduate,No,6793,3515,232,300,1,Semiurban,Y
LP000207,Female,Yes,2,Graduate,No,5523,2330,417,180,1,Rural,Y
LP000208,Female,No,3+,Graduate,No,6571,2359,178,180,1,Urban,Y
LP000209,Female,Yes,1,Not Graduate,No,10010,4841,295,360,1,Semiurban,Y
LP000210,Male,Yes,0,Graduate,No,11380,3606,650,360,0,Urban,Y
LP000211,Male,Yes,0,Graduate,Yes,10298,5784,627,300,0,Semiurban,Y
LP000212,Male,No,2,Not Graduate,No,3224,276,427,180,1,Rural,Y
LP000213,Male,No,1,Not Graduate,Yes,9389,60,198,360,0,Urban,Y
LP000214,Male,No,2,Not Graduate,Yes,11863,3390,482,180,1,Rural,Y
LP000215,Male,No,1,Graduate,Yes,7091,1913,677,360,0,Semiurban,Y
LP000216,Male,Yes,1,Not Graduate,Yes,12684,6195,518,120,1,Rural,Y
LP000217,Female,No,1,Graduate,No,11640,3927,495,240,0,Rural,Y
LP000218,Male,No,0,Not Graduate,Yes,9662,6296,530,120,1,Rural,Y
LP000219,Female,Yes,3+,Graduate,No,7361,5868,343,360,0,Semiurban,Y
LP000220,Male,Yes,2,Not Graduate,No,2948,5430,192,240,1,Urban,Y
LP000221,Male,Yes,3+,Not Graduate,Yes,14216,5933,299,240,1,Rural,Y
LP000222,Male,No,2,Not Graduate,No,13091,2591,351,360,0,Urban,Y
LP000223,Female,Yes,1,Not Graduate,Yes,11202,566,74,360,1,Semiurban,Y
LP000224,Female,Yes,0,Graduate,Yes,12992,3935,119,180,1,Urban,Y
LP000225,Female,Yes,3+,Not Graduate,No,8094,7556,674,360,1,Rural,Y
LP000226,Female,No,0,Not Graduate,No,14193,1571,161,300,1,Rural,Y
LP000227,Male,Yes,2,Graduate,Yes,7318,4717,413,360,1,Rural,Y
LP000228,Female,No,0,Not Graduate,No,13310,6121,352,300,1,Rural,Y
LP000229,Male,No,0,Graduate,No,4796,1200,520,360,1,Rural,Y
LP000230,Male,Yes,3+,Not Graduate,No,13180,7529,140,180,0,Rural,Y
LP000231,Female,Yes,1,Not Graduate,Yes,1234,4409,579,300,1,Semiurban,Y
LP000232,Female,No,0,Not Graduate,Yes,14412,2854,241,120,1,Semiurban,Y
LP000233,Female,Yes,1,Graduate,No,10120,2895,601,300,1,Semiurban,Y
LP000234,Female,Yes,2,Not Graduate,No,4607,6240,291,180,0,Urban,Y
LP000235,Female,No,0,Not Graduate,No,9043,7024,187,300,1,Urban,Y
LP000236,Female,No,3+,Not Graduate,No,1522,1236,394,360,1,Semiurban,Y
LP000237,Female,Yes,2,Graduate,No,6904,6972,229,360,1,Urban,Y
LP000238,Female,No,2,Graduate,Yes,12715,136,552,180,1,Urban,Y
LP000239,Male,Yes,3+,Not Graduate,No,13718,1029,252,240,1,Rural,Y
LP000240,Female,Yes,0,Graduate,Yes,5888,7154,622,360,1,Rural,Y
LP000241,Female,Yes,0,Not Graduate,No,10821,2156,241,120,1,Urban,Y
LP000242,Male,No,2,Not Graduate,Yes,6832,2594,54,180,1,Urban,Y
LP000243,Female,Yes,0,Not Graduate,No,13820,7206,286,300,1,Semiurban,Y
LP000244,Male,Yes,1,Not Graduate,Yes,8122,661,360,300,1,Urban,Y
LP000245,Male,Yes,3+,Not Graduate,No,6842,2472,598,120,0,Rural,Y
LP000246,Female,No,1,Not Graduate,Yes,14963,2677,105,360,0,Urban,Y
LP000247,Male,No,0,Not Graduate,Yes,2316,2308,492,180,1,Semiurban,Y
LP000248,Male,No,2,Graduate,Yes,12049,7593,286,120,1,Rural,Y
LP000249,Male,No,3+,Graduate,Yes,14200,86,246,360,1,Rural,Y
LP000250,Male,No,0,Graduate,Yes,2124,2512,634,180,1,Rural,Y
LP000251,Female,Yes,0,Graduate,Yes,6621,6219,620,300,0,Rural,Y
LP000252,Male,No,2,Graduate,No,6423,6614,563,180,1,Urban,Y
LP000253,Female,No,2,Graduate,Yes,3587,6557,498,240,1,Semiurban,Y
LP000254,Male,No,1,Graduate,No,10215,6968,409,180,1,Urban,Y
LP000255,Male,Yes,3+,Not Graduate,No,6672,2942,79,240,1,Urban,Y
LP000256,Male,No,3+,Not Graduate,No,2378,2773,157,180,0,Rural,N
LP000257,Male,No,2,Not Graduate,No,4374,2504,651,240,1,Semiurban,Y
LP000258,Female,Yes,1,Not Graduate,No,2519,5404,494,300,0,Rural,Y
LP000259,Female,No,3+,Graduate,Yes,6777,3310,487,360,1,Urban,Y
LP000260,Male,Yes,2,Graduate,Yes,8935,1700,655,240,1,Urban,Y
LP000261,Male,Yes,0,Not Graduate,Yes,7093,3670,506,240,1,Rural,Y
LP000262,Female,Yes,3+,Not Graduate,No,9418,2700,664,300,1,Urban,Y
LP000263,Male,Yes,1,Graduate,Yes,6355,6815,544,240,1,Urban,Y
LP000264,Male,Yes,1,Not Graduate,Yes,5968,3629,296,120,1,Rural,Y
LP000265,Male,No,1,Not Graduate,Yes,10083,7539,592,300,1,Urban,Y
LP000266,Female,Yes,0,Not Graduate,Yes,6574,4590,613,120,1,Semiurban,Y
LP000267,Female,Yes,3+,Not Graduate,Yes,5072,1647,637,300,1,Rural,Y
LP000268,Female,No,3+,Graduate,No,14324,6038,488,240,0,Semiurban,Y
LP000269,Male,Yes,0,Not Graduate,Yes,3257,5164,327,120,1,Urban,Y
LP000270,Male,No,3+,Not Graduate,No,11980,5520,601,240,0,Urban,Y
LP000271,Female,No,0,Graduate,No,9588,3318,662,300,1,Rural,Y
LP000272,Female,No,0,Graduate,No,14411,3687,160,240,0,Urban,Y
LP000273,Female,Yes,0,Not Graduate,No,11270,596,434,120,1,Rural,Y
LP000274,Female,Yes,1,Graduate,No,13936,4545,240,120,1,Rural,Y
LP000275,Male,Yes,3+,Not Graduate,Yes,5424,484,539,240,1,Rural,Y
LP000276,Female,No,0,Not Graduate,Yes,4237,645,475,180,1,Rural,Y
LP000277,Male,Yes,3+,Graduate,Yes,14770,6763,454,300,1,Rural,Y
LP000278,Female,Yes,1,Not Graduate,No,4893,3089,384,300,0,Semiurban,Y
LP000279,Male,Yes,0,Not Graduate,Yes,14239,5725,258,240,1,Rural,Y
LP000280,Female,No,2,Not Graduate,Yes,3005,4757,71,180,1,Semiurban,Y
LP000281,Female,No,1,Not Graduate,No,3016,4853,660,120,0,Urban,Y
LP000282,Female,Yes,2,Graduate,No,12363,4384,257,360,1,Rural,Y
LP000283,Female,Yes,3+,Graduate,No,11860,7581,57,360,1,Urban,Y
LP000284,Male,Yes,3+,Not Graduate,No,11070,720,578,240,1,Rural,Y
LP000285,Female,Yes,1,Graduate,Yes,10388,4733,651,180,1,Semiurban,Y
LP000286,Male,No,3+,Not Graduate,No,2772,6378,215,180,1,Semiurban,Y
LP000287,Male,No,2,Not Graduate,No,9353,6559,545,300,0,Semiurban,Y
LP000288,Male,No,0,Not Graduate,Yes,4976,7081,639,120,0,Urban,Y
LP000289,Male,No,0,Not Graduate,Yes,2751,498,478,180,1,Rural,Y
LP000290,Female,Yes,0,Not Graduate,No,9967,7117,212,360,1,Urban,Y
LP000291,Male,Yes,1,Graduate,Yes,8430,4729,415,120,1,Semiurban,Y
LP000292,Male,Yes,3+,Not Graduate,No,8170,1673,575,120,1,Urban,Y
LP000293,Male,No,2,Graduate,No,14339,6126,288,240,1,Semiurban,Y
LP000294,Female,Yes,3+,Graduate,Yes,7469,3067,121,180,1,Semiurban,Y
LP000295,Female,No,3+,Not Graduate,Yes,10131,114,494,240,0,Semiurban,Y
LP000296,Female,No,3+,Not Graduate,No,4220,2979,558,180,1,Rural,Y
LP000297,Female,Yes,0,Not Graduate,No,1539,4769,318,300,1,Rural,Y
LP000298,Male,Yes,2,Not Graduate,No,14109,1736,464,240,1,Semiurban,Y
LP000299,Male,Yes,2,Not Graduate,Yes,2461,5353,294,240,0,Urban,Y
LP000300,Female,No,3+,Graduate,No,6184,3611,109,360,1,Urban,Y
LP000301,Male,Yes,0,Not Graduate,No,9547,7178,55,240,1,Rural,Y
LP000302,Male,No,0,Not Graduate,No,12796,2253,619,180,1,Semiurban,Y
LP000303,Male,Yes,2,Graduate,No,12515,7846,456,360,0,Urban,Y
LP000304,Female,No,0,Graduate,No,1234,2294,266,240,1,Semiurban,Y
LP000305,Female,No,0,Not Graduate,Yes,2548,3630,75,240,1,Urban,Y
LP000306,Male,Yes,0,Graduate,No,8480,6901,54,300,1,Rural,Y
LP000307,Female,No,1,Not Graduate,No,11288,7294,581,240,0,Semiurban,Y
LP000308,Female,No,3+,Graduate,No,5213,146,439,120,1,Semiurban,Y
LP000309,Female,Yes,2,Graduate,No,11293,6261,620,360,0,Urban,Y
LP000310,Female,No,2,Not Graduate,Yes,2673,3982,497,120,1,Urban,Y
LP000311,Female,Yes,1,Graduate,Yes,7708,3453,195,360,1,Urban,Y
LP000312,Male,No,3+,Graduate,Yes,14355,4507,437,300,1,Semiurban,Y
LP000313,Female,Yes,2,Graduate,No,8982,5783,298,240,1,Rural,Y
LP000314,Male,Yes,0,Graduate,No,3100,7751,575,240,0,Rural,Y
LP000315,Male,No,2,Graduate,Yes,12849,2410,511,240,1,Urban,Y
LP000316,Female,No,0,Graduate,Yes,13845,5628,62,360,1,Rural,Y
LP000317,Male,No,1,Not Graduate,Yes,12788,136,433,240,1,Urban,Y
LP000318,Male,No,0,Not Graduate,No,4748,7342,605,120,1,Rural,Y
LP000319,Male,No,2,Graduate,No,4173,3360,448,240,1,Semiurban,Y
LP000320,Female,Yes,2,Not Graduate,Yes,2815,3005,68,300,1,Urban,Y
LP000321,Female,No,2,Not Graduate,Yes,4841,3552,624,120,0,Rural,Y
LP000322,Male,Yes,1,Not Graduate,Yes,11197,18,540,240,1,Semiurban,Y
LP000323,Female,Yes,1,Graduate,No,9016,2242,468,240,1,Rural,Y
LP000324,Female,No,3+,Not Graduate,No,8011,6473,386,180,1,Semiurban,Y
LP000325,Female,Yes,2,Graduate,No,5493,6055,468,360,1,Semiurban,Y
LP000326,Female,Yes,0,Not Graduate,Yes,1674,6318,661,120,1,Rural,Y
LP000327,Male,Yes,1,Graduate,Yes,9088,5097,171,180,1,Rural,Y
LP000328,Male,Yes,2,Graduate,No,9578,448,481,300,0,Semiurban,Y
LP000329,Female,No,2,Not Graduate,Yes,3158,1948,93,360,1,Semiurban,Y
LP000330,Female,Yes,1,Not Graduate,No,3661,945,366,120,1,Semiurban,Y
LP000331,Male,No,3+,Graduate,Yes,3064,5473,430,240,1,Urban,Y
LP000332,Male,No,1,Not Graduate,Yes,13043,5618,194,120,1,Semiurban,Y
LP000333,Female,Yes,1,Not Graduate,Yes,4253,4236,376,240,1,Urban,Y
LP000334,Male,No,0,Not Graduate,Yes,5979,6901,412,360,1,Semiurban,Y
LP000335,Female,No,0,Graduate,No,8703,1920,99,240,1,Urban,Y
LP000336,Female,No,3+,Graduate,Yes,13828,2977,114,300,0,Semiurban,Y
LP000337,Male,Yes,2,Not Graduate,No,13458,4188,404,240,1,Semiurban,Y
LP000338,Male,No,1,Not Graduate,No,9931,4015,213,300,1,Semiurban,Y
LP000339,Female,No,3+,Not Graduate,No,2401,238,190,360,1,Rural,Y
LP000340,Female,No,0,Graduate,Yes,4259,204,177,360,1,Rural,Y
LP000341,Male,Yes,1,Graduate,No,11469,2607,447,120,1,Semiurban,Y
LP000342,Female,No,2,Not Graduate,No,13096,5552,512,300,1,Urban,Y
LP000343,Male,Yes,0,Not Graduate,No,4923,4340,236,300,1,Urban,Y
LP000344,Female,Yes,0,Not Graduate,Yes,5214,4927,239,180,0,Semiurban,Y
LP000345,Male,Yes,0,Not Graduate,Yes,4227,3388,437,180,1,Rural,Y
LP000346,Male,Yes,3+,Not Graduate,No,12023,2972,478,180,1,Urban,Y
LP000347,Male,Yes,2,Not Graduate,Yes,12950,4390,333,240,1,Rural,Y
LP000348,Female,Yes,1,Graduate,No,11704,2687,286,180,1,Urban,Y
LP000349,Female,No,3+,Not Graduate,No,11343,4951,243,300,1,Semiurban,Y
LP000350,Male,Yes,3+,Graduate,Yes,12867,7449,336,240,1,Rural,Y
LP000351,Female,No,3+,Not Graduate,No,3745,6160,185,360,1,Urban,Y
LP000352,Male,No,0,Not Graduate,Yes,7091,4166,220,120,0,Semiurban,Y
LP000353,Male,Yes,2,Graduate,Yes,4866,5388,208,180,1,Semiurban,Y
LP000354,Female,No,3+,Graduate,No,12956,1348,250,360,1,Semiurban,Y
LP000355,Female,No,1,Graduate,Yes,14993,7961,536,300,1,Rural,Y
LP000356,Male,No,2,Graduate,Yes,6818,4400,606,120,1,Rural,Y
LP000357,Female,No,1,Not Graduate,No,3222,7618,632,360,1,Semiurban,Y
LP000358,Female,Yes,2,Graduate,No,3792,5126,553,120,1,Rural,Y
LP000359,Male,No,1,Not Graduate,Yes,10889,5433,420,180,1,Urban,Y
LP000360,Male,Yes,0,Graduate,Yes,14732,816,152,300,1,Semiurban,Y
LP000361,Female,No,3+,Not Graduate,No,12654,5222,174,120,0,Semiurban,Y
LP000362,Male,No,1,Not Graduate,Yes,5063,820,362,360,1,Rural,Y
LP000363,Male,Yes,2,Not Graduate,Yes,2524,192,507,180,1,Semiurban,Y
LP000364,Female,No,3+,Not Graduate,Yes,13952,1776,279,180,1,Urban,Y
LP000365,Male,No,3+,Not Graduate,Yes,9224,3645,246,360,1,Rural,Y
LP000366,Male,No,2,Not Graduate,Yes,7198,4624,472,360,1,Rural,Y
LP000367,Female,Yes,1,Graduate,Yes,5025,6314,621,120,1,Semiurban,Y
LP000368,Female,No,0,Not Graduate,Yes,3566,7704,659,240,0,Semiurban,Y
LP000369,Male,Yes,0,Graduate,No,3803,250,220,180,1,Semiurban,Y
LP000370,Male,No,1,Graduate,No,13088,1788,431,120,1,Rural,Y
LP000371,Female,Yes,3+,Not Graduate,No,4709,7554,222,360,1,Semiurban,Y
LP000372,Female,Yes,3+,Graduate,No,7155,7374,502,120,0,Urban,Y
LP000373,Female,No,3+,Not Graduate,No,14839,6684,399,360,0,Semiurban,Y
LP000374,Female,No,3+,Graduate,Yes,1719,3700,683,300,1,Semiurban,Y
LP000375,Male,Yes,1,Not Graduate,Yes,7516,6122,543,360,1,Rural,Y
LP000376,Female,Yes,3+,Graduate,Yes,5579,2463,669,360,1,Semiurban,Y
LP000377,Female,No,2,Not Graduate,Yes,1972,6937,53,360,1,Rural,Y
LP000378,Male,Yes,3+,Not Graduate,No,4718,5499,142,240,1,Semiurban,Y
LP000379,Female,No,0,Not Graduate,Yes,8395,1167,55,360,1,Urban,Y
LP000380,Male,No,3+,Not Graduate,Yes,5402,6168,337,180,1,Urban,Y
LP000381,Female,No,1,Graduate,No,5552,3893,667,180,1,Rural,Y
LP000382,Female,No,0,Not Graduate,Yes,3207,6811,195,120,1,Rural,Y
LP000383,Female,Yes,1,Graduate,Yes,5426,1096,473,240,0,Semiurban,Y
LP000384,Male,No,1,Graduate,No,7919,2679,657,120,0,Semiurban,Y
LP000385,Male,Yes,0,Graduate,Yes,13512,1847,506,180,1,Urban,Y
LP000386,Female,No,1,Not Graduate,Yes,12222,3904,251,180,1,Semiurban,Y
LP000387,Male,Yes,1,Graduate,Yes,12767,7260,261,300,1,Urban,Y
LP000388,Male,No,3+,Graduate,Yes,14767,504,55,360,1,Rural,Y
LP000389,Male,Yes,2,Graduate,Yes,12308,1621,673,180,1,Semiurban,Y
LP000390,Male,Yes,1,Not Graduate,No,12477,6479,425,120,1,Rural,Y
LP000391,Male,No,1,Not Graduate,No,14370,2472,496,120,1,Semiurban,Y
LP000392,Male,No,1,Graduate,No,9835,2546,155,360,1,Urban,Y
LP000393,Female,No,3+,Not Graduate,No,13903,1387,450,360,1,Rural,Y
LP000394,Female,No,2,Not Graduate,No,9386,2994,145,300,1,Rural,Y
LP000395,Male,Yes,0,Graduate,No,13188,6773,437,240,1,Semiurban,Y
LP000396,Female,No,3+,Graduate,Yes,9680,3816,501,120,1,Rural,Y
LP000397,Female,Yes,3+,Not Graduate,No,3204,5318,465,360,1,Urban,Y
LP000398,Female,Yes,2,Graduate,No,11849,717,553,120,1,Rural,Y
LP000399,Female,No,2,Not Graduate,Yes,6345,3484,503,360,1,Rural,Y
LP000400,Male,Yes,3+,Not Graduate,Yes,4276,4434,340,180,1,Semiurban,Y
LP000401,Female,Yes,0,Not Graduate,No,2102,658,583,120,1,Rural,Y
LP000402,Female,Yes,3+,Not Graduate,Yes,6243,5057,242,180,0,Semiurban,Y
LP000403,Male,Yes,2,Not Graduate,No,7614,4008,199,120,1,Semiurban,Y
LP000404,Male,No,0,Not Graduate,Yes,10433,4524,564,240,1,Rural,Y
LP000405,Female,No,2,Graduate,No,9707,7950,442,300,0,Urban,Y
LP000406,Female,No,0,Graduate,Yes,14913,4994,365,180,0,Semiurban,Y
LP000407,Female,No,1,Not Graduate,Yes,6223,4234,125,360,0,Rural,Y
LP000408,Female,Yes,2,Not Graduate,No,9584,3764,648,240,1,Semiurban,Y
LP000409,Female,Yes,2,Not Graduate,No,1630,2989,319,120,1,Urban,Y
LP000410,Female,No,3+,Graduate,No,12908,4637,274,180,1,Urban,Y
LP000411,Male,No,2,Not Graduate,No,11039,2104,579,120,1,Semiurban,Y
LP000412,Female,No,2,Graduate,No,11847,1255,162,120,1,Urban,Y
LP000413,Female,Yes,1,Not Graduate,Yes,10171,6801,300,120,1,Rural,Y
LP000414,Male,No,2,Not Graduate,No,13721,2482,282,300,1,Rural,Y
LP000415,Male,No,1,Graduate,No,12594,383,132,300,1,Semiurban,Y
LP000416,Male,No,1,Graduate,Yes,13063,2607,174,360,0,Urban,Y
LP000417,Male,Yes,1,Not Graduate,Yes,7683,193,224,180,1,Rural,Y
LP000418,Female,Yes,1,Not Graduate,No,1277,3807,118,240,1,Rural,Y
LP000419,Female,Yes,0,Not Graduate,Yes,1232,3719,96,240,1,Rural,Y
LP000420,Female,Yes,3+,Graduate,Yes,10744,2581,305,240,1,Semiurban,Y
LP000421,Female,Yes,0,Graduate,No,6690,2565,79,120,1,Semiurban,Y
LP000422,Female,Yes,2,Graduate,Yes,14401,2763,330,300,1,Rural,Y
LP000423,Female,Yes,0,Graduate,Yes,8659,2798,286,180,1,Rural,Y
LP000424,Male,Yes,0,Graduate,No,12462,6328,297,120,0,Urban,Y
LP000425,Female,No,2,Graduate,No,11601,5991,417,300,1,Urban,Y
LP000426,Male,No,2,Not Graduate,Yes,12704,2339,544,300,1,Urban,Y
LP000427,Male,Yes,2,Not Graduate,Yes,1025,3406,74,180,1,Semiurban,Y
LP000428,Female,Yes,0,Graduate,No,14705,731,635,180,1,Rural,Y
LP000429,Male,No,0,Not Graduate,Yes,8468,6259,539,180,1,Semiurban,Y
LP000430,Female,Yes,2,Not Graduate,Yes,7410,2872,543,120,1,Rural,Y
LP000431,Male,Yes,3+,Graduate,Yes,9652,3120,363,360,1,Urban,Y
LP000432,Female,Yes,3+,Not Graduate,No,4764,4780,655,180,1,Urban,Y
LP000433,Male,No,1,Graduate,Yes,7599,4177,424,360,1,Urban,Y
LP000434,Female,No,2,Graduate,Yes,12623,6977,688,120,1,Urban,Y
LP000435,Female,No,1,Not Graduate,No,14379,6476,74,360,0,Rural,Y
LP000436,Female,No,3+,Graduate,Yes,6102,2604,383,240,1,Urban,Y
LP000437,Female,No,1,Graduate,Yes,8006,2382,404,360,1,Rural,Y
LP000438,Female,Yes,2,Graduate,No,4483,531,165,180,1,Rural,Y
LP000439,Male,No,2,Graduate,No,2994,6079,97,120,0,Semiurban,Y
LP000440,Male,Yes,2,Graduate,No,9682,4316,148,180,1,Urban,Y
LP000441,Male,Yes,0,Graduate,No,2072,634,508,240,0,Urban,N
LP000442,Female,No,1,Graduate,Yes,7707,1769,572,180,1,Semiurban,Y
LP000443,Male,No,3+,Graduate,Yes,12365,3804,646,180,1,Rural,Y
LP000444,Female,Yes,3+,Not Graduate,No,1215,2370,454,180,1,Urban,Y
LP000445,Female,Yes,3+,Not Graduate,No,8605,5970,263,300,1,Rural,Y
LP000446,Male,Yes,0,Not Graduate,Yes,10915,2,552,240,1,Semiurban,Y
LP000447,Male,No,0,Graduate,No,10784,5813,497,180,1,Rural,Y
LP000448,Female,No,2,Graduate,Yes,3606,205,625,180,1,Urban,Y
LP000449,Male,No,3+,Not Graduate,No,9350,5951,307,180,1,Rural,Y
LP000450,Female,No,0,Not Graduate,Yes,5781,4135,170,120,1,Rural,Y
LP000451,Female,No,2,Not Graduate,No,4313,6202,103,300,1,Urban,Y
LP000452,Female,Yes,3+,Graduate,No,12033,7094,380,120,1,Urban,Y
LP000453,Female,No,1,Not Graduate,Yes,10968,2621,290,300,1,Rural,Y
LP000454,Female,Yes,2,Not Graduate,No,11244,4739,579,180,1,Rural,Y
LP000455,Male,Yes,0,Graduate,Yes,8763,5626,532,240,1,Semiurban,Y
LP000456,Male,Yes,0,Not Graduate,Yes,6939,7739,236,360,1,Urban,Y
LP000457,Female,No,2,Graduate,Yes,3295,6003,311,360,1,Rural,Y
LP000458,Female,No,2,Graduate,Yes,6685,2890,413,180,1,Urban,Y
LP000459,Male,No,0,Graduate,Yes,2696,3193,540,120,1,Semiurban,Y
LP000460,Male,Yes,1,Not Graduate,No,12185,7646,480,240,0,Rural,Y
LP000461,Female,Yes,3+,Not Graduate,No,11661,2666,288,300,1,Rural,Y
LP000462,Male,Yes,1,Graduate,Yes,2946,6239,353,180,1,Rural,Y
LP000463,Female,Yes,2,Not Graduate,No,13001,7581,347,240,1,Urban,Y
LP000464,Male,Yes,1,Not Graduate,Yes,3783,3306,125,240,1,Semiurban,Y
LP000465,Female,Yes,0,Not Graduate,No,4644,897,382,300,1,Urban,Y
LP000466,Male,No,2,Not Graduate,No,6241,1085,691,240,1,Rural,Y
LP000467,Female,No,3+,Graduate,No,7420,1279,523,120,0,Semiurban,Y
LP000468,Male,No,0,Not Graduate,No,14869,6704,332,120,1,Rural,Y
LP000469,Male,No,0,Graduate,Yes,11692,7048,640,120,1,Rural,Y
LP000470,Female,Yes,3+,Graduate,Yes,8557,6491,121,240,1,Urban,Y
LP000471,Male,Yes,3+,Not Graduate,No,12837,670,312,120,1,Rural,Y
LP000472,Female,No,1,Graduate,No,3645,7291,624,300,1,Semiurban,Y
LP000473,Male,Yes,2,Not Graduate,Yes,7589,1505,61,240,1,Rural,Y
LP000474,Female,No,3+,Not Graduate,No,7353,6460,190,360,0,Rural,Y
LP000475,Male,No,3+,Graduate,Yes,11541,3575,604,240,1,Urban,Y
LP000476,Female,No,2,Graduate,Yes,2932,4814,66,300,0,Semiurban,Y
LP000477,Male,Yes,3+,Graduate,Yes,12486,5167,112,360,1,Urban,Y
LP000478,Female,No,3+,Graduate,No,2757,7576,302,240,1,Rural,Y
LP000479,Male,No,1,Not Graduate,Yes,6085,1955,514,120,1,Urban,Y
LP000480,Female,No,0,Not Graduate,No,6637,5255,425,180,1,Urban,Y
LP000481,Female,Yes,0,Not Graduate,Yes,2116,7368,569,180,1,Urban,Y
LP000482,Female,Yes,0,Graduate,No,11759,249,139,120,1,Urban,Y
LP000483,Male,No,0,Graduate,No,12691,6457,679,180,0,Rural,Y
LP000484,Female,Yes,3+,Graduate,No,1492,1892,224,180,1,Rural,Y
LP000485,Male,Yes,2,Not Graduate,Yes,12498,3439,125,120,0,Semiurban,Y
LP000486,Female,Yes,2,Graduate,Yes,9811,7596,662,120,1,Urban,Y
LP000487,Male,Yes,1,Not Graduate,No,12424,1853,449,240,1,Urban,Y
LP000488,Female,Yes,1,Graduate,No,8888,2854,120,240,1,Semiurban,Y
LP000489,Male,Yes,3+,Not Graduate,No,13015,1503,229,120,1,Urban,Y
LP000490,Male,Yes,2,Not Graduate,Yes,7474,3385,173,300,1,Semiurban,Y
LP000491,Female,Yes,2,Graduate,Yes,11572,3571,430,180,1,Rural,Y
LP000492,Male,Yes,0,Graduate,Yes,10738,3792,342,240,1,Semiurban,Y
LP000493,Male,Yes,3+,Not Graduate,Yes,5958,3426,244,180,1,Urban,Y
LP000494,Female,No,3+,Not Graduate,No,14979,6628,277,360,1,Semiurban,Y
LP000495,Male,No,0,Graduate,No,12755,5330,480,120,1,Rural,Y
LP000496,Male,Yes,3+,Graduate,Yes,10797,7871,485,300,1,Urban,Y
LP000497,Male,No,3+,Not Graduate,Yes,12944,43,510,360,1,Rural,Y
LP000498,Female,No,1,Graduate,No,13867,3612,667,360,1,Rural,Y
LP000499,Male,Yes,2,Not Graduate,Yes,11082,2618,70,360,0,Semiurban,Y
LP000500,Female,Yes,3+,Not Graduate,Yes,10467,4678,113,120,0,Rural,Y
LP000501,Male,Yes,1,Graduate,Yes,3743,3163,214,240,1,Urban,Y
LP000502,Male,No,2,Graduate,Yes,8866,1288,76,120,1,Rural,Y
LP000503,Male,No,0,Graduate,Yes,11685,2942,360,240,0,Rural,Y
LP000504,Female,Yes,1,Graduate,Yes,8160,219,334,360,1,Semiurban,Y
LP000505,Male,Yes,1,Graduate,No,6451,1925,330,360,1,Rural,Y
LP000506,Male,Yes,2,Not Graduate,Yes,6258,2972,213,300,1,Semiurban,Y
LP000507,Female,No,0,Not Graduate,Yes,9548,3513,273,240,1,Semiurban,Y
LP000508,Male,No,1,Graduate,No,14912,2448,195,360,0,Urban,Y
LP000509,Female,No,3+,Graduate,No,8186,3471,79,180,1,Urban,Y
LP000510,Female,No,3+,Graduate,No,7102,2774,94,300,1,Urban,Y
LP000511,Male,Yes,3+,Not Graduate,Yes,10061,990,520,120,1,Urban,Y
LP000512,Female,Yes,0,Graduate,No,10077,2946,83,300,1,Semiurban,Y
LP000513,Male,Yes,1,Graduate,Yes,11193,1812,476,180,1,Rural,Y
LP000514,Female,Yes,3+,Not Graduate,Yes,14701,7743,270,240,1,Urban,Y
LP000515,Female,No,0,Not Graduate,Yes,10475,4953,583,120,0,Urban,Y
LP000516,Male,No,3+,Graduate,No,1619,803,416,120,1,Urban,Y
LP000517,Female,Yes,2,Graduate,No,1882,489,599,240,1,Rural,Y
LP000518,Female,Yes,1,Graduate,No,9988,3556,631,300,0,Urban,Y
LP000519,Female,No,1,Not Graduate,No,4642,5876,165,360,1,Rural,Y
LP000520,Female,Yes,0,Graduate,No,12617,1493,288,300,1,Semiurban,Y
LP000521,Female,No,0,Graduate,Yes,2296,3645,384,180,1,Semiurban,Y
LP000522,Male,Yes,1,Graduate,Yes,13906,7081,490,360,1,Semiurban,Y
LP000523,Female,Yes,3+,Not Graduate,Yes,9436,2891,197,300,1,Rural,Y
LP000524,Male,Yes,3+,Not Graduate,Yes,3895,1705,58,240,0,Urban,Y
LP000525,Female,Yes,2,Graduate,No,7593,3516,337,180,1,Urban,Y
LP000526,Male,Yes,3+,Graduate,No,1929,3340,437,180,1,Urban,Y
LP000527,Male,Yes,0,Not Graduate,Yes,6366,6410,99,180,1,Urban,Y
LP000528,Female,Yes,0,Not Graduate,No,9711,53,566,360,1,Urban,Y
LP000529,Female,No,3+,Not Graduate,No,4212,2575,687,120,1,Rural,Y
LP000530,Female,No,0,Not Graduate,Yes,3409,3591,636,360,0,Semiurban,Y
LP000531,Male,No,1,Not Graduate,Yes,9199,615,327,300,1,Urban,Y
LP000532,Female,No,1,Not Graduate,No,11717,5178,349,120,0,Semiurban,Y
LP000533,Male,No,3+,Not Graduate,No,4423,5944,638,300,0,Rural,Y
LP000534,Male,Yes,1,Not Graduate,Yes,11211,7207,698,120,1,Rural,Y
LP000535,Male,Yes,1,Not Graduate,Yes,13782,7404,667,360,1,Urban,Y
LP000536,Female,No,2,Graduate,Yes,14917,954,656,180,1,Rural,Y
LP000537,Female,Yes,2,Graduate,No,7976,2433,184,240,0,Semiurban,Y
LP000538,Male,No,1,Graduate,Yes,8594,1629,629,180,0,Urban,Y
LP000539,Male,No,3+,Not Graduate,Yes,6158,2781,196,360,0,Urban,Y
LP000540,Female,Yes,2,Graduate,No,13474,6859,539,120,0,Semiurban,Y
LP000541,Male,Yes,0,Not Graduate,No,4667,649,527,180,1,Urban,Y
LP000542,Female,Yes,0,Not Graduate,No,12863,2347,208,360,1,Urban,Y
LP000543,Male,No,0,Graduate,No,11993,4490,433,300,0,Semiurban,Y
LP000544,Female,Yes,3+,Not Graduate,No,6973,3278,212,240,1,Urban,Y
LP000545,Male,No,1,Graduate,Yes,7236,5455,490,180,1,Urban,Y
LP000546,Female,No,0,Graduate,Yes,9277,2640,238,120,0,Semiurban,Y
LP000547,Male,No,3+,Graduate,No,12307,3801,464,300,0,Rural,Y
LP000548,Female,Yes,2,Not Graduate,No,13424,2561,388,360,1,Semiurban,Y
LP000549,Female,Yes,1,Graduate,No,3468,3249,656,240,1,Urban,Y
LP000550,Male,No,2,Not Graduate,No,7217,6539,230,120,1,Semiurban,Y
LP000551,Male,Yes,3+,Graduate,No,4619,370,337,360,0,Urban,Y
LP000552,Female,Yes,0,Graduate,Yes,2636,857,236,360,1,Urban,Y
LP000553,Male,Yes,0,Graduate,Yes,9155,4886,187,180,1,Semiurban,Y
LP000554,Female,No,3+,Not Graduate,Yes,4583,4753,179,180,1,Urban,Y
LP000555,Male,No,0,Not Graduate,Yes,5009,7485,243,120,1,Rural,Y
LP000556,Female,Yes,1,Not Graduate,No,4326,6879,365,360,1,Urban,Y
LP000557,Female,No,3+,Graduate,Yes,11410,5488,193,180,1,Semiurban,Y
LP000558,Female,Yes,2,Graduate,No,9148,383,65,240,1,Rural,Y
LP000559,Female,Yes,3+,Not Graduate,No,3217,6205,351,240,1,Rural,Y
LP000560,Female,Yes,1,Not Graduate,No,5967,3877,472,360,0,Urban,Y
LP000561,Female,Yes,1,Not Graduate,Yes,3369,2552,294,180,1,Semiurban,Y
LP000562,Male,No,3+,Not Graduate,No,4638,4334,156,120,0,Urban,Y
LP000563,Male,No,3+,Not Graduate,Yes,11695,4290,137,120,1,Urban,Y
LP000564,Male,No,0,Not Graduate,Yes,10135,2725,178,120,1,Semiurban,Y
LP000565,Female,Yes,1,Graduate,No,6722,4034,390,240,1,Semiurban,Y
LP000566,Female,Yes,3+,Not Graduate,No,12029,3293,53,180,1,Urban,Y
LP000567,Female,Yes,3+,Graduate,No,11852,6204,376,180,1,Rural,Y
LP000568,Female,No,1,Graduate,Yes,12128,5248,459,240,1,Urban,Y
LP000569,Male,Yes,3+,Not Graduate,No,5444,7133,355,120,1,Rural,Y
LP000570,Male,No,0,Not Graduate,Yes,8618,6828,656,120,1,Urban,Y
LP000571,Female,No,1,Graduate,No,4947,6111,274,360,0,Semiurban,Y
LP000572,Male,No,0,Not Graduate,No,2676,4251,397,300,0,Rural,Y
LP000573,Male,No,0,Not Graduate,Yes,2196,3988,370,180,1,Semiurban,Y
LP000574,Female,No,0,Graduate,Yes,13297,7545,608,180,1,Semiurban,Y
LP000575,Male,No,0,Graduate,Yes,3787,7789,230,180,1,Semiurban,Y
LP000576,Female,Yes,1,Graduate,Yes,8432,7948,667,300,1,Semiurban,Y
LP000577,Male,Yes,0,Not Graduate,Yes,10653,922,435,360,1,Semiurban,Y
LP000578,Female,No,0,Graduate,Yes,8927,2915,667,300,1,Urban,Y
LP000579,Female,No,3+,Not Graduate,No,4318,2950,157,120,0,Rural,Y
LP000580,Female,Yes,1,Graduate,No,9858,7957,580,120,1,Urban,Y
LP000581,Female,No,1,Graduate,Yes,7689,5705,459,180,1,Urban,Y
LP000582,Male,No,2,Graduate,No,14810,3046,345,240,1,Urban,Y
LP000583,Female,Yes,1,Not Graduate,Yes,3176,7604,220,180,1,Semiurban,Y
LP000584,Female,No,1,Not Graduate,No,4743,974,380,240,0,Urban,Y
LP000585,Female,No,2,Graduate,No,9792,1230,542,300,0,Rural,Y
LP000586,Male,No,1,Graduate,Yes,11844,2435,244,120,1,Urban,Y
LP000587,Female,Yes,1,Graduate,Yes,5422,7647,61,240,1,Semiurban,Y
LP000588,Male,Yes,1,Not Graduate,Yes,4824,1814,244,300,0,Rural,Y
LP000589,Female,Yes,1,Graduate,No,13098,2934,539,120,0,Rural,Y
LP000590,Male,No,2,Not Graduate,Yes,10171,4933,231,240,1,Rural,Y
LP000591,Male,No,1,Graduate,No,3451,6103,365,180,0,Rural,Y
LP000592,Female,Yes,1,Graduate,Yes,1628,1363,79,180,1,Urban,Y
LP000593,Male,No,2,Graduate,No,10821,3940,645,180,1,Semiurban,Y
LP000594,Female,No,3+,Graduate,No,8778,6483,145,300,1,Rural,Y
LP000595,Female,No,0,Graduate,Yes,4696,203,430,180,0,Rural,Y
LP000596,Female,No,3+,Graduate,No,12622,160,493,360,1,Semiurban,Y
LP000597,Male,No,2,Not Graduate,No,4674,7707,347,120,1,Urban,Y
LP000598,Male,Yes,0,Graduate,Yes,4929,4487,410,300,1,Rural,Y
LP000599,Female,No,2,Not Graduate,No,3765,768,423,180,1,Urban,Y
LP000600,Female,Yes,2,Graduate,Yes,5369,3748,603,120,0,Urban,Y
LP000601,Male,No,1,Graduate,Yes,13972,6718,352,240,1,Urban,Y
LP000602,Female,Yes,0,Not Graduate,Yes,9307,2581,470,180,1,Urban,Y
LP000603,Female,No,1,Graduate,Yes,5956,1093,295,120,1,Rural,Y
LP000604,Female,Yes,0,Not Graduate,No,11195,7036,286,360,1,Rural,Y
LP000605,Male,No,2,Not Graduate,No,1692,4500,583,240,1,Urban,Y
LP000606,Male,Yes,2,Graduate,No,4162,607,234,360,1,Urban,Y
LP000607,Male,No,3+,Not Graduate,Yes,2105,7842,517,120,0,Semiurban,Y
LP000608,Female,Yes,0,Not Graduate,No,4008,5710,412,360,1,Semiurban,Y
LP000609,Female,No,1,Graduate,No,3161,1540,332,120,1,Semiurban,Y
LP000610,Female,Yes,3+,Not Graduate,Yes,9345,2875,602,120,1,Rural,Y
LP000611,Male,Yes,3+,Graduate,Yes,14715,3191,385,360,1,Semiurban,Y
LP000612,Female,No,3+,Graduate,No,4699,1837,211,120,1,Rural,Y
LP000613,Female,No,1,Graduate,Yes,14577,689,209,180,0,Rural,Y
LP000614,Female,Yes,3+,Graduate,Yes,13602,3759,523,120,0,Rural,Y
LP000615,Female,No,1,Not Graduate,Yes,4786,2949,650,300,0,Rural,Y
LP000616,Male,Yes,3+,Graduate,Yes,10256,5336,371,120,0,Semiurban,Y
LP000617,Male,Yes,1,Graduate,No,5200,2103,61,300,1,Urban,Y
LP000618,Female,Yes,2,Not Graduate,Yes,2913,365,473,120,1,Urban,Y
LP000619,Male,No,2,Graduate,Yes,10408,5818,122,120,1,Urban,Y
LP000620,Male,Yes,2,Graduate,Yes,6520,3575,637,360,1,Semiurban,Y
LP000621,Female,Yes,2,Not Graduate,Yes,11593,7911,250,180,1,Urban,Y
LP000622,Female,No,2,Not Graduate,Yes,2772,7934,571,180,1,Semiurban,Y
LP000623,Male,No,3+,Not Graduate,Yes,11152,4550,554,240,0,Semiurban,Y
LP000624,Female,No,3+,Not Graduate,Yes,3780,4199,88,360,1,Semiurban,Y
LP000625,Male,No,3+,Not Graduate,Yes,14891,4172,109,360,1,Urban,Y
LP000626,Female,Yes,1,Not Graduate,No,13996,4325,627,180,1,Urban,Y
LP000627,Male,Yes,1,Not Graduate,Yes,8423,6033,370,360,1,Urban,Y
LP000628,Female,Yes,1,Graduate,No,13938,7425,484,180,1,Rural,Y
LP000629,Male,Yes,1,Not Graduate,Yes,3871,7431,685,360,0,Semiurban,Y
LP000630,Male,No,2,Not Graduate,Yes,14234,2378,457,120,1,Rural,Y
LP000631,Male,Yes,2,Not Graduate,Yes,1660,1205,435,180,1,Semiurban,Y
LP000632,Female,Yes,2,Graduate,Yes,7242,4988,618,180,0,Urban,Y
LP000633,Male,No,0,Graduate,No,11827,3839,127,300,1,Semiurban,Y
LP000634,Male,Yes,3+,Not Graduate,Yes,11521,5669,243,360,1,Semiurban,Y
LP000635,Female,Yes,1,Not Graduate,Yes,13146,2735,334,360,1,Rural,Y
LP000636,Female,Yes,1,Not Graduate,No,11642,6170,576,180,1,Semiurban,Y
LP000637,Male,Yes,2,Graduate,No,2132,3347,573,120,1,Urban,Y
LP000638,Male,Yes,1,Graduate,Yes,1699,1675,662,120,1,Semiurban,Y
LP000639,Female,Yes,1,Not Graduate,No,8470,298,205,120,1,Semiurban,Y
LP000640,Female,No,3+,Graduate,No,11230,956,389,360,1,Semiurban,Y
LP000641,Female,No,2,Not Graduate,No,7297,6942,174,300,1,Rural,Y
LP000642,Female,Yes,3+,Graduate,Yes,13839,1114,329,180,0,Semiurban,Y
LP000643,Female,Yes,0,Graduate,Yes,8812,6623,671,240,1,Semiurban,Y
LP000644,Male,No,0,Not Graduate,Yes,13692,6716,177,300,0,Rural,Y
LP000645,Female,Yes,0,Not Graduate,No,5557,2505,363,240,1,Rural,Y
LP000646,Male,Yes,2,Not Graduate,Yes,3179,1474,381,300,1,Rural,Y
LP000647,Male,Yes,1,Not Graduate,No,12030,4460,199,120,1,Rural,Y
LP000648,Male,No,2,Graduate,Yes,10065,7002,503,360,1,Urban,Y
LP000649,Female,Yes,2,Graduate,Yes,9275,5794,85,240,0,Urban,Y
LP000650,Male,No,1,Graduate,No,2422,4446,469,300,1,Semiurban,Y
LP000651,Male,Yes,3+,Not Graduate,Yes,11867,3726,71,360,1,Urban,Y
LP000652,Female,No,0,Graduate,No,4180,3471,255,240,1,Semiurban,Y
LP000653,Male,No,3+,Not Graduate,No,5316,6396,688,180,0,Urban,Y
LP000654,Male,Yes,0,Graduate,Yes,13167,2828,405,300,1,Rural,Y
LP000655,Female,No,2,Not Graduate,No,7696,6000,489,180,1,Rural,Y
LP000656,Male,Yes,0,Not Graduate,Yes,10583,2850,145,120,1,Urban,Y
LP000657,Male,No,2,Graduate,Yes,12410,5107,213,180,0,Urban,Y
LP000658,Male,Yes,3+,Not Graduate,No,13399,2506,197,180,1,Semiurban,Y
LP000659,Female,Yes,2,Not Graduate,Yes,1614,3770,579,300,1,Semiurban,Y
LP000660,Female,No,3+,Graduate,No,14869,2964,343,120,1,Semiurban,Y
LP000661,Female,Yes,1,Not Graduate,Yes,12163,4594,244,180,1,Rural,Y
LP000662,Male,Yes,1,Not Graduate,Yes,12757,949,529,360,1,Rural,Y
LP000663,Male,No,1,Not Graduate,Yes,12768,6090,172,240,0,Rural,Y
LP000664,Female,Yes,2,Graduate,Yes,5570,6142,449,180,1,Rural,Y
LP000665,Male,Yes,1,Graduate,Yes,1270,4603,501,120,1,Semiurban,Y
LP000666,Male,No,0,Not Graduate,No,13258,5423,153,180,0,Rural,Y
LP000667,Female,No,3+,Graduate,No,3468,6644,511,240,1,Rural,Y
LP000668,Female,Yes,3+,Not Graduate,No,10582,2850,445,120,1,Rural,Y
LP000669,Male,Yes,0,Not Graduate,No,12546,6741,386,300,1,Rural,Y
LP000670,Male,No,2,Not Graduate,No,13327,165,648,120,1,Urban,Y
LP000671,Male,No,2,Not Graduate,No,14281,3486,191,300,0,Semiurban,Y
LP000672,Female,Yes,3+,Not Graduate,Yes,4607,2509,366,120,1,Semiurban,Y
LP000673,Female,No,1,Graduate,Yes,11775,919,607,240,1,Rural,Y
LP000674,Female,Yes,2,Not Graduate,No,13265,113,576,240,0,Urban,Y
LP000675,Female,Yes,2,Graduate,No,4075,3504,605,120,1,Semiurban,Y
LP000676,Male,Yes,0,Graduate,Yes,13098,991,450,180,1,Semiurban,Y
LP000677,Female,Yes,0,Not Graduate,Yes,1289,7523,359,240,1,Rural,Y
LP000678,Female,Yes,1,Not Graduate,Yes,9120,6047,544,300,0,Rural,Y
LP000679,Female,No,2,Graduate,No,11672,7862,605,300,1,Semiurban,Y
LP000680,Female,No,2,Graduate,No,7614,6350,659,360,0,Semiurban,Y
LP000681,Female,No,0,Graduate,No,4252,3839,158,300,1,Urban,Y
LP000682,Male,No,2,Not Graduate,Yes,8415,1258,421,360,0,Semiurban,Y
LP000683,Male,Yes,3+,Graduate,Yes,7771,7609,665,120,1,Semiurban,Y
LP000684,Female,Yes,0,Not Graduate,No,1278,3426,255,120,1,Rural,Y
LP000685,Male,Yes,1,Not Graduate,No,12116,514,92,120,1,Semiurban,Y
LP000686,Female,Yes,0,Not Graduate,Yes,1580,5327,294,180,1,Rural,Y
LP000687,Female,No,2,Graduate,Yes,5958,4804,336,180,0,Semiurban,Y
LP000688,Male,Yes,1,Not Graduate,Yes,9445,3196,404,360,1,Semiurban,Y
LP000689,Male,Yes,0,Not Graduate,Yes,5276,6281,525,300,1,Semiurban,Y
LP000690,Female,No,3+,Not Graduate,No,8997,4434,132,300,1,Urban,Y
LP000691,Female,No,3+,Not Graduate,Yes,5776,2584,159,120,0,Rural,Y
LP000692,Female,No,0,Not Graduate,Yes,1824,67,239,240,1,Urban,Y
LP000693,Male,No,3+,Graduate,Yes,4832,1596,300,180,1,Semiurban,Y
LP000694,Female,Yes,3+,Not Graduate,No,9891,5660,340,180,1,Urban,Y
LP000695,Female,Yes,3+,Not Graduate,No,6445,4478,694,120,0,Rural,Y
LP000696,Female,No,1,Graduate,Yes,2380,18,250,180,1,Semiurban,Y
LP000697,Male,Yes,3+,Not Graduate,Yes,13088,2730,375,120,1,Urban,Y
LP000698,Female,Yes,3+,Graduate,Yes,10865,3521,560,360,1,Urban,Y
LP000699,Female,Yes,3+,Not Graduate,No,11919,6217,458,300,1,Rural,Y
LP000700,Male,No,1,Graduate,No,7534,572,656,240,1,Urban,Y
LP000701,Female,Yes,0,Graduate,No,14926,7082,557,300,1,Rural,Y
LP000702,Female,No,2,Not Graduate,Yes,4156,7832,650,300,1,Semiurban,Y
LP000703,Male,Yes,3+,Not Graduate,No,12580,5395,121,360,1,Semiurban,Y
LP000704,Female,Yes,0,Not Graduate,Yes,5307,7215,296,180,1,Urban,Y
LP000705,Male,Yes,3+,Graduate,Yes,6634,2258,690,240,0,Semiurban,Y
LP000706,Male,No,1,Graduate,Yes,9575,2902,657,180,1,Semiurban,Y
LP000707,Female,Yes,0,Graduate,No,6810,6039,636,300,1,Urban,Y
LP000708,Female,No,1,Not Graduate,Yes,9533,650,615,120,0,Semiurban,Y
LP000709,Female,No,3+,Graduate,No,6934,5741,393,300,1,Urban,Y
LP000710,Female,No,3+,Graduate,No,11179,5089,103,180,0,Rural,Y
LP000711,Male,Yes,1,Not Graduate,Yes,13251,6838,577,300,1,Rural,Y
LP000712,Female,Yes,2,Graduate,Yes,14131,2587,660,120,1,Rural,Y
LP000713,Male,Yes,1,Graduate,No,4109,7876,581,360,1,Urban,Y
LP000714,Female,Yes,3+,Not Graduate,Yes,5082,3262,607,180,1,Urban,Y
LP000715,Female,No,1,Graduate,No,14822,1338,242,300,0,Semiurban,Y
LP000716,Female,No,2,Not Graduate,Yes,13707,4996,107,180,1,Semiurban,Y
LP000717,Male,No,1,Not Graduate,No,11990,3634,486,360,0,Semiurban,Y
LP000718,Female,Yes,2,Not Graduate,No,4240,5780,160,300,1,Semiurban,Y
LP000719,Female,No,2,Not Graduate,No,11180,2827,178,300,1,Semiurban,Y
LP000720,Female,Yes,1,Not Graduate,No,7028,5681,375,180,1,Urban,Y
LP000721,Female,No,1,Graduate,Yes,12606,6019,57,180,1,Urban,Y
LP000722,Male,Yes,0,Graduate,Yes,2849,5877,78,120,1,Rural,Y
LP000723,Female,Yes,3+,Not Graduate,No,9497,5232,161,360,1,Rural,Y
LP000724,Male,No,2,Not Graduate,No,12805,2217,180,120,1,Rural,Y
LP000725,Male,No,0,Graduate,Yes,3749,3539,237,300,1,Rural,Y
LP000726,Male,No,1,Not Graduate,Yes,14156,7845,524,180,1,Urban,Y
LP000727,Male,No,3+,Not Graduate,Yes,7680,6040,413,300,1,Urban,Y
LP000728,Male,Yes,0,Not Graduate,Yes,10327,1037,253,300,1,Urban,Y
LP000729,Male,No,2,Graduate,Yes,14722,5834,261,240,0,Semiurban,Y
LP000730,Female,No,0,Graduate,Yes,1205,4383,670,240,1,Semiurban,Y
LP000731,Male,No,2,Not Graduate,No,8352,3978,325,300,0,Rural,Y
LP000732,Male,Yes,1,Not Graduate,Yes,5591,6332,122,180,1,Semiurban,Y
LP000733,Male,Yes,3+,Graduate,Yes,4450,2961,292,300,0,Urban,Y
LP000734,Female,No,3+,Graduate,No,8214,3226,151,240,1,Rural,Y
LP000735,Female,Yes,3+,Not Graduate,Yes,4811,5686,220,180,1,Rural,Y
LP000736,Male,No,1,Not Graduate,Yes,12814,6837,237,300,1,Semiurban,Y
LP000737,Female,Yes,2,Graduate,Yes,12791,5841,490,360,1,Rural,Y
LP000738,Male,Yes,1,Graduate,Yes,11743,7031,135,360,1,Semiurban,Y
LP000739,Male,Yes,3+,Graduate,Yes,6141,6614,525,300,1,Semiurban,Y
LP000740,Female,Yes,1,Not Graduate,No,13500,1098,101,180,1,Rural,Y
LP000741,Male,No,1,Graduate,Yes,9501,2324,160,300,0,Semiurban,Y
LP000742,Female,No,1,Not Graduate,No,3708,939,92,300,1,Semiurban,Y
LP000743,Female,No,2,Graduate,No,2991,3716,260,240,1,Semiurban,Y
LP000744,Male,Yes,0,Graduate,Yes,9463,3414,249,360,1,Semiurban,Y
LP000745,Male,No,0,Graduate,No,12834,1448,676,240,0,Rural,Y
LP000746,Female,No,1,Graduate,Yes,13278,570,75,240,1,Urban,Y
LP000747,Male,No,0,Not Graduate,No,11014,7678,348,300,1,Urban,Y
LP000748,Male,Yes,0,Not Graduate,No,4273,2904,126,240,1,Semiurban,Y
LP000749,Male,Yes,1,Graduate,Yes,5538,5096,186,360,1,Semiurban,Y
LP000750,Female,Yes,1,Not Graduate,Yes,13541,5301,69,240,1,Semiurban,Y
LP000751,Female,No,3+,Graduate,Yes,9712,2505,489,360,1,Urban,Y
LP000752,Male,No,0,Graduate,Yes,10168,917,260,240,1,Semiurban,Y
LP000753,Female,No,2,Graduate,Yes,4722,1874,600,360,1,Rural,Y
LP000754,Female,Yes,1,Graduate,No,4551,4928,484,240,1,Rural,Y
LP000755,Female,Yes,3+,Not Graduate,No,13297,7231,256,240,0,Rural,Y
LP000756,Female,No,2,Graduate,No,11965,6982,488,180,0,Urban,Y
LP000757,Female,Yes,0,Graduate,No,11744,7427,91,360,1,Semiurban,Y
LP000758,Male,Yes,3+,Not Graduate,No,3832,6336,460,360,1,Semiurban,Y
LP000759,Male,Yes,1,Graduate,No,13099,1678,572,360,1,Semiurban,Y
LP000760,Male,Yes,2,Graduate,No,6679,615,659,120,0,Urban,Y
LP000761,Female,No,1,Graduate,Yes,7579,4501,476,240,0,Urban,Y
LP000762,Female,Yes,0,Not Graduate,Yes,14422,1749,324,360,1,Urban,Y
LP000763,Male,Yes,2,Graduate,No,1152,3825,497,120,0,Urban,N
LP000764,Female,Yes,0,Not Graduate,No,6754,7086,418,180,1,Rural,Y
LP000765,Male,Yes,0,Graduate,Yes,12156,6864,269,360,0,Urban,Y
LP000766,Male,No,3+,Graduate,Yes,12108,4188,626,360,0,Urban,Y
LP000767,Male,No,1,Not Graduate,Yes,3800,2477,281,120,1,Urban,Y
LP000768,Female,Yes,2,Graduate,Yes,6310,4749,377,240,1,Semiurban,Y
LP000769,Female,Yes,0,Graduate,No,10944,3505,492,180,1,Semiurban,Y
LP000770,Male,Yes,0,Not Graduate,Yes,3610,3475,101,360,1,Semiurban,Y
LP000771,Male,Yes,2,Not Graduate,No,13067,4529,425,240,1,Rural,Y
LP000772,Male,Yes,0,Not Graduate,No,2104,1135,312,180,1,Rural,Y
LP000773,Male,Yes,3+,Not Graduate,No,11728,4000,316,300,1,Urban,Y
LP000774,Female,No,3+,Not Graduate,Yes,14182,374,408,300,1,Semiurban,Y
LP000775,Female,Yes,3+,Graduate,Yes,14399,7226,366,180,0,Rural,Y
LP000776,Male,No,3+,Not Graduate,No,8361,5162,373,120,1,Semiurban,Y
LP000777,Male,No,0,Graduate,No,5199,206,612,180,0,Rural,Y
LP000778,Female,Yes,2,Graduate,No,4854,4875,678,180,1,Rural,Y
LP000779,Female,No,2,Graduate,Yes,8263,1319,470,120,1,Urban,Y
LP000780,Male,No,2,Not Graduate,No,12686,1141,95,120,1,Urban,Y
LP000781,Male,No,2,Not Graduate,Yes,2914,4627,649,240,1,Rural,Y
LP000782,Male,No,1,Graduate,No,8365,7389,318,240,1,Urban,Y
LP000783,Female,No,2,Not Graduate,No,4072,6309,650,120,1,Rural,Y
LP000784,Female,No,1,Not Graduate,No,10198,2690,430,300,1,Rural,Y
LP000785,Female,Yes,1,Not Graduate,Yes,1406,7323,167,300,1,Semiurban,Y
LP000786,Male,No,3+,Not Graduate,Yes,14689,3255,615,180,1,Urban,Y
LP000787,Male,No,1,Graduate,No,1166,89,165,360,1,Urban,Y
LP000788,Female,No,0,Graduate,Yes,1508,5213,679,180,0,Urban,Y
LP000789,Female,Yes,1,Not Graduate,No,2661,4108,309,180,0,Semiurban,Y
LP000790,Male,No,3+,Graduate,Yes,4664,3020,124,360,1,Semiurban,Y
LP000791,Female,Yes,1,Not Graduate,Yes,4489,1857,529,120,1,Semiurban,Y
LP000792,Female,No,0,Not Graduate,Yes,14050,804,354,300,1,Urban,Y
LP000793,Male,Yes,0,Graduate,No,1680,944,56,180,1,Urban,Y
LP000794,Female,Yes,0,Graduate,Yes,3524,2789,415,360,1,Urban,Y
LP000795,Male,No,3+,Graduate,Yes,3120,5953,683,240,1,Semiurban,Y
LP000796,Male,No,3+,Not Graduate,No,6260,3875,572,180,1,Semiurban,Y
LP000797,Male,Yes,2,Graduate,No,13869,7605,397,300,0,Rural,Y
LP000798,Male,No,3+,Not Graduate,No,5357,7705,487,120,1,Semiurban,Y
LP000799,Male,Yes,0,Graduate,No,2363,1610,264,180,1,Rural,Y
LP000800,Male,Yes,0,Graduate,Yes,10523,2923,478,180,1,Urban,Y
LP000801,Male,Yes,3+,Not Graduate,Yes,3292,6055,547,360,1,Semiurban,Y
LP000802,Female,Yes,1,Not Graduate,Yes,2538,3882,589,240,1,Urban,Y
LP000803,Male,Yes,3+,Not Graduate,Yes,4408,3221,416,240,1,Urban,Y
LP000804,Male,No,3+,Not Graduate,Yes,8742,6803,362,120,1,Urban,Y
LP000805,Female,Yes,0,Not Graduate,No,9752,7175,587,300,1,Urban,Y
LP000806,Female,Yes,2,Not Graduate,Yes,10291,5148,103,120,0,Semiurban,Y
LP000807,Female,No,0,Not Graduate,Yes,2903,4391,590,180,1,Urban,Y
LP000808,Male,Yes,2,Not Graduate,Yes,1174,7129,516,180,1,Rural,Y
LP000809,Female,No,0,Graduate,No,11348,5021,213,240,1,Semiurban,Y
LP000810,Male,No,3+,Not Graduate,No,3230,7888,383,300,1,Urban,Y
LP000811,Male,No,0,Not Graduate,Yes,5287,4735,596,360,0,Semiurban,Y
LP000812,Male,Yes,0,Graduate,No,5160,2387,397,300,0,Rural,Y
LP000813,Male,Yes,0,Not Graduate,No,13112,4723,322,180,1,Urban,Y
LP000814,Female,Yes,3+,Graduate,No,8106,6582,463,360,1,Rural,Y
LP000815,Female,No,3+,Graduate,No,10689,5263,549,300,1,Urban,Y
LP000816,Male,Yes,3+,Not Graduate,No,13046,941,142,300,1,Rural,Y
LP000817,Male,No,3+,Graduate,No,4171,4925,128,360,1,Urban,Y
LP000818,Male,Yes,2,Not Graduate,No,2567,5866,671,180,1,Semiurban,Y
LP000819,Female,No,2,Graduate,Yes,2151,2566,266,300,1,Urban,Y
LP000820,Male,Yes,1,Graduate,Yes,8619,975,407,360,1,Semiurban,Y
LP000821,Male,Yes,3+,Graduate,No,7033,7212,667,180,1,Urban,Y
LP000822,Female,Yes,2,Not Graduate,Yes,9560,954,556,360,1,Urban,Y
LP000823,Female,No,0,Not Graduate,Yes,5946,1262,608,360,0,Rural,Y
LP000824,Male,No,3+,Graduate,No,9234,5047,230,300,1,Rural,Y
LP000825,Female,Yes,1,Graduate,Yes,2907,943,625,180,1,Rural,Y
LP000826,Female,Yes,1,Not Graduate,No,4490,2202,295,300,1,Urban,Y
LP000827,Male,No,1,Not Graduate,No,3535,5300,293,120,0,Urban,Y
LP000828,Female,No,0,Graduate,No,5173,7382,555,120,1,Urban,Y
LP000829,Male,No,2,Graduate,Yes,12065,6231,471,180,0,Semiurban,Y
LP000830,Female,Yes,0,Not Graduate,Yes,11016,3327,369,360,0,Semiurban,Y
LP000831,Male,No,3+,Not Graduate,Yes,2293,5630,136,300,1,Urban,Y
LP000832,Male,Yes,1,Not Graduate,Yes,5769,5192,266,300,1,Rural,Y
LP000833,Male,No,0,Not Graduate,No,5796,7074,539,180,1,Rural,Y
LP000834,Female,Yes,0,Not Graduate,No,14046,4274,568,180,1,Rural,Y
LP000835,Male,No,2,Graduate,Yes,7871,2259,327,120,0,Urban,Y
LP000836,Female,No,2,Not Graduate,No,12578,1828,218,240,1,Rural,Y
LP000837,Male,No,1,Graduate,No,3972,1257,379,180,1,Urban,Y
LP000838,Male,No,0,Not Graduate,Yes,4922,464,699,240,1,Semiurban,Y
LP000839,Female,No,0,Graduate,No,5997,5870,490,180,1,Rural,Y
LP000840,Male,Yes,2,Not Graduate,Yes,8032,3294,440,360,1,Semiurban,Y
LP000841,Male,No,0,Not Graduate,No,1992,6774,545,360,1,Rural,Y
LP000842,Female,No,0,Graduate,Yes,9112,6968,430,120,0,Urban,Y
LP000843,Male,No,0,Graduate,No,6287,7431,355,120,1,Urban,Y
LP000844,Male,Yes,2,Not Graduate,No,11578,1230,562,240,1,Urban,Y
LP000845,Male,No,1,Not Graduate,Yes,3240,2654,237,180,0,Urban,Y
LP000846,Male,Yes,3+,Not Graduate,Yes,2476,884,565,300,1,Rural,Y
LP000847,Female,No,1,Not Graduate,Yes,7426,3805,693,120,1,Semiurban,Y
LP000848,Female,No,3+,Not Graduate,Yes,12599,6509,476,300,1,Urban,Y
LP000849,Male,Yes,0,Graduate,No,1389,6419,551,300,0,Rural,Y
LP000850,Female,No,1,Graduate,No,1999,6523,309,180,0,Semiurban,Y
LP000851,Male,Yes,3+,Not Graduate,Yes,13812,7910,562,240,1,Urban,Y
LP000852,Female,Yes,2,Graduate,No,2855,5428,120,180,1,Semiurban,Y
LP000853,Male,No,2,Graduate,Yes,9125,5750,527,120,1,Urban,Y
LP000854,Male,Yes,1,Graduate,Yes,14794,7435,227,300,1,Semiurban,Y
LP000855,Male,No,1,Not Graduate,No,9850,5040,506,180,1,Semiurban,Y
LP000856,Male,No,0,Graduate,No,3763,3856,238,180,1,Urban,Y
LP000857,Male,Yes,1,Not Graduate,Yes,4663,3135,340,180,1,Rural,Y
LP000858,Male,Yes,0,Graduate,Yes,5986,6953,569,120,1,Semiurban,Y
LP000859,Female,Yes,0,Not Graduate,Yes,2481,7517,341,240,1,Urban,Y
LP000860,Male,Yes,2,Graduate,No,8256,924,684,180,0,Semiurban,Y
LP000861,Female,No,2,Not Graduate,No,4731,6034,332,120,1,Semiurban,Y
LP000862,Male,No,3+,Not Graduate,No,8262,4589,593,300,1,Rural,Y
LP000863,Female,Yes,2,Graduate,No,1451,1546,426,360,1,Semiurban,Y
LP000864,Female,No,2,Not Graduate,Yes,11667,7265,205,120,1,Semiurban,Y
LP000865,Female,No,1,Not Graduate,Yes,12414,6065,557,360,1,Urban,Y
LP000866,Male,No,2,Not Graduate,Yes,10729,1094,462,180,1,Urban,Y
LP000867,Male,No,3+,Not Graduate,Yes,4093,2411,577,180,1,Rural,Y
LP000868,Female,Yes,1,Not Graduate,Yes,1882,2617,404,120,1,Semiurban,Y
LP000869,Male,Yes,3+,Not Graduate,Yes,5408,5921,608,360,1,Semiurban,Y
LP000870,Female,No,2,Not Graduate,No,5068,762,236,180,1,Semiurban,Y
LP000871,Male,Yes,3+,Not Graduate,No,14127,2323,80,300,1,Rural,Y
LP000872,Female,Yes,1,Graduate,Yes,11758,4145,309,240,0,Semiurban,Y
LP000873,Female,Yes,0,Graduate,Yes,4277,7525,470,240,1,Urban,Y
LP000874,Male,No,3+,Not Graduate,No,9566,2775,578,180,0,Rural,Y
LP000875,Female,No,3+,Not Graduate,No,13738,5001,600,360,1,Urban,Y
LP000876,Male,No,1,Graduate,No,12889,7071,353,180,1,Urban,Y
LP000877,Female,Yes,1,Graduate,No,8951,4659,88,360,1,Rural,Y
LP000878,Female,No,3+,Graduate,Yes,12254,4878,538,300,1,Urban,Y
LP000879,Male,No,2,Not Graduate,Yes,5690,6628,693,360,1,Semiurban,Y
LP000880,Male,Yes,3+,Graduate,Yes,12442,3155,591,180,0,Rural,Y
LP000881,Male,No,1,Not Graduate,Yes,14521,3970,327,300,1,Urban,Y
LP000882,Female,No,0,Not Graduate,Yes,5595,7972,252,120,1,Semiurban,Y
LP000883,Male,Yes,0,Graduate,No,5559,7805,115,240,1,Semiurban,Y
LP000884,Female,Yes,2,Not Graduate,Yes,8291,2040,157,180,1,Urban,Y
LP000885,Female,Yes,3+,Not Graduate,No,9160,5927,317,180,0,Semiurban,Y
LP000886,Male,No,0,Not Graduate,Yes,1112,583,271,180,1,Rural,Y
LP000887,Male,No,3+,Not Graduate,Yes,6131,5415,579,300,1,Urban,Y
LP000888,Female,No,1,Graduate,Yes,4197,4331,139,120,1,Semiurban,Y
LP000889,Female,Yes,0,Graduate,Yes,11570,2103,304,360,0,Semiurban,Y
LP000890,Male,Yes,2,Not Graduate,Yes,11116,1942,504,120,1,Urban,Y
LP000891,Male,No,1,Not Graduate,No,1139,4455,302,300,1,Urban,Y
LP000892,Male,No,2,Graduate,No,2424,6026,306,180,1,Urban,Y
LP000893,Male,Yes,1,Not Graduate,No,3949,109,432,240,1,Urban,Y
LP000894,Male,Yes,0,Graduate,Yes,4168,191,491,180,1,Rural,Y
LP000895,Female,Yes,2,Not Graduate,Yes,9708,903,648,360,1,Urban,Y
LP000896,Female,Yes,2,Not Graduate,No,11808,5212,139,240,1,Rural,Y
LP000897,Female,No,1,Graduate,Yes,7043,861,439,180,1,Rural,Y
LP000898,Female,Yes,2,Graduate,Yes,7989,6711,631,240,1,Urban,Y
LP000899,Male,No,1,Graduate,No,8236,1083,93,120,1,Rural,Y
LP000900,Male,No,1,Graduate,Yes,7261,649,647,300,1,Urban,Y
LP000901,Male,No,1,Not Graduate,No,1887,4134,68,180,0,Urban,Y
LP000902,Female,Yes,1,Graduate,Yes,4104,3611,150,360,1,Semiurban,Y
LP000903,Female,Yes,0,Not Graduate,No,14629,7216,656,120,1,Urban,Y
LP000904,Male,Yes,1,Graduate,Yes,1049,7587,406,180,0,Semiurban,Y
LP000905,Male,Yes,3+,Graduate,Yes,4951,636,591,120,1,Rural,Y
LP000906,Female,No,2,Not Graduate,No,4560,1036,82,360,1,Semiurban,Y
LP000907,Female,Yes,3+,Graduate,Yes,1018,4131,278,180,1,Rural,Y
LP000908,Male,Yes,0,Graduate,Yes,5821,2148,573,360,1,Urban,Y
LP000909,Male,No,3+,Graduate,No,7340,3865,679,240,0,Rural,Y
LP000910,Female,Yes,2,Graduate,Yes,9058,3157,204,360,0,Rural,Y
LP000911,Male,No,3+,Not Graduate,No,10665,3587,472,240,1,Urban,Y
LP000912,Male,No,0,Not Graduate,Yes,13253,3294,295,180,1,Rural,Y
LP000913,Male,No,1,Graduate,Yes,3606,5457,454,240,1,Urban,Y
LP000914,Female,No,3+,Graduate,Yes,8846,6079,590,180,0,Semiurban,Y
LP000915,Female,No,0,Graduate,Yes,9643,4261,210,180,0,Urban,Y
LP000916,Female,No,0,Not Graduate,No,7432,2430,166,300,1,Urban,Y
LP000917,Female,No,2,Not Graduate,Yes,14452,1879,320,180,1,Rural,Y
LP000918,Female,No,2,Not Graduate,No,14395,3966,536,240,1,Semiurban,Y
LP000919,Female,Yes,3+,Not Graduate,Yes,4765,7543,221,300,0,Urban,Y
LP000920,Female,Yes,1,Graduate,Yes,3438,7638,323,300,1,Semiurban,Y
LP000921,Male,Yes,0,Graduate,Yes,13502,6933,308,180,1,Semiurban,Y
LP000922,Male,Yes,3+,Graduate,Yes,10741,3713,184,360,1,Rural,Y
LP000923,Male,No,0,Not Graduate,No,7358,4126,471,360,0,Urban,Y
LP000924,Male,Yes,0,Graduate,No,12666,7542,470,300,1,Rural,Y
LP000925,Male,No,1,Not Graduate,No,9319,4106,235,180,1,Urban,Y
LP000926,Male,Yes,1,Not Graduate,No,6941,2011,413,360,1,Semiurban,Y
LP000927,Male,Yes,3+,Graduate,Yes,8644,3373,656,180,1,Urban,Y
LP000928,Female,Yes,1,Graduate,No,5855,2143,427,180,1,Urban,Y
LP000929,Female,No,1,Graduate,No,7547,7357,572,300,0,Semiurban,Y
LP000930,Male,Yes,3+,Not Graduate,Yes,8196,2500,629,300,1,Semiurban,Y
LP000931,Male,No,1,Not Graduate,Yes,6911,6335,245,120,1,Urban,Y
LP000932,Female,No,2,Graduate,Yes,7481,4581,147,360,1,Rural,Y
LP000933,Male,Yes,0,Graduate,Yes,3761,1289,654,360,1,Urban,Y
LP000934,Male,Yes,0,Not Graduate,No,5456,1447,71,360,0,Semiurban,Y
LP000935,Female,Yes,0,Graduate,No,13856,3199,499,240,1,Rural,Y
LP000936,Male,No,0,Not Graduate,Yes,10607,6381,221,180,1,Semiurban,Y
LP000937,Female,Yes,3+,Not Graduate,Yes,7361,1943,432,300,1,Semiurban,Y
LP000938,Male,No,0,Graduate,Yes,6693,7522,183,360,1,Rural,Y
LP000939,Female,No,0,Graduate,No,6788,6059,475,120,0,Semiurban,Y
LP000940,Female,Yes,0,Graduate,No,1201,3183,74,360,1,Semiurban,Y
LP000941,Female,Yes,0,Graduate,Yes,7160,5947,552,180,1,Semiurban,Y
LP000942,Male,No,2,Not Graduate,Yes,11561,5565,234,180,1,Semiurban,Y
LP000943,Female,No,0,Not Graduate,No,1517,5462,134,300,1,Semiurban,Y
LP000944,Male,No,2,Not Graduate,Yes,8737,3216,616,240,1,Semiurban,Y
LP000945,Male,Yes,3+,Graduate,Yes,14636,3136,193,300,0,Semiurban,Y
LP000946,Male,No,1,Not Graduate,No,14723,3318,461,360,1,Semiurban,Y
LP000947,Male,Yes,0,Graduate,Yes,10533,2782,273,120,0,Semiurban,Y
LP000948,Female,No,1,Graduate,No,13968,990,269,300,0,Urban,Y
LP000949,Female,No,1,Graduate,Yes,2988,7657,228,240,1,Urban,Y
LP000950,Male,Yes,3+,Graduate,Yes,12737,4920,680,300,1,Semiurban,Y
LP000951,Male,No,1,Graduate,No,14779,5558,482,180,0,Urban,Y
LP000952,Female,Yes,2,Graduate,No,13712,2153,314,360,1,Rural,Y
LP000953,Male,Yes,1,Not Graduate,Yes,4802,6324,478,360,0,Urban,Y
LP000954,Female,No,1,Graduate,No,6808,6327,465,360,1,Semiurban,Y
LP000955,Male,Yes,1,Not Graduate,Yes,12467,225,502,360,1,Semiurban,Y
LP000956,Male,Yes,0,Not Graduate,Yes,12846,776,246,360,1,Urban,Y
LP000957,Female,No,0,Graduate,No,8162,2837,603,360,1,Semiurban,Y
LP000958,Male,Yes,2,Graduate,Yes,11626,5208,102,120,1,Rural,Y
LP000959,Female,Yes,2,Graduate,Yes,14065,687,529,240,1,Rural,Y
LP000960,Male,Yes,0,Not Graduate,No,7241,529,492,360,1,Semiurban,Y
LP000961,Male,No,2,Graduate,No,9399,3442,379,240,1,Rural,Y
LP000962,Male,Yes,0,Not Graduate,Yes,6633,5067,300,360,1,Rural,Y
LP000963,Female,No,3+,Graduate,No,6755,5031,172,300,0,Urban,Y
LP000964,Male,No,1,Graduate,No,11825,5518,436,360,1,Rural,Y
LP000965,Male,Yes,1,Not Graduate,No,7309,2153,388,180,1,Urban,Y
LP000966,Male,Yes,2,Not Graduate,No,5117,1294,397,120,0,Semiurban,Y
LP000967,Male,Yes,0,Graduate,Yes,9345,6094,78,300,1,Urban,Y
LP000968,Female,No,0,Not Graduate,Yes,12558,6974,84,300,1,Semiurban,Y
LP000969,Female,Yes,2,Not Graduate,Yes,13506,1526,567,180,1,Semiurban,Y
LP000970,Male,Yes,0,Not Graduate,No,13956,4774,445,360,1,Semiurban,Y
LP000971,Female,Yes,3+,Not Graduate,No,2518,7692,672,120,1,Semiurban,Y
LP000972,Male,Yes,1,Not Graduate,No,7163,2896,343,300,1,Semiurban,Y
LP000973,Male,Yes,2,Graduate,No,3600,3103,638,120,1,Urban,Y
LP000974,Male,No,2,Graduate,No,14237,2440,398,300,1,Semiurban,Y
LP000975,Female,No,0,Not Graduate,No,3195,4135,196,360,0,Rural,Y
LP000976,Female,Yes,2,Graduate,No,13690,6803,116,300,1,Rural,Y
LP000977,Female,Yes,3+,Graduate,Yes,13883,7385,569,300,0,Semiurban,Y
LP000978,Female,Yes,0,Not Graduate,Yes,4554,3802,171,240,1,Rural,Y
LP000979,Female,Yes,0,Graduate,No,11606,7124,389,360,1,Urban,Y
LP000980,Female,No,0,Not Graduate,No,14725,5201,224,180,1,Urban,Y
LP000981,Female,Yes,0,Not Graduate,No,3849,844,646,180,1,Semiurban,Y
LP000982,Female,No,3+,Graduate,Yes,14445,5839,500,360,1,Semiurban,Y
LP000983,Female,No,0,Not Graduate,Yes,2742,6344,606,180,1,Semiurban,Y
LP000984,Male,Yes,2,Not Graduate,No,2306,446,185,360,0,Rural,Y
LP000985,Female,No,3+,Not Graduate,No,4849,3915,65,180,1,Rural,Y
LP000986,Female,No,1,Not Graduate,Yes,13360,7595,382,240,1,Urban,Y
LP000987,Female,No,1,Not Graduate,Yes,13768,3109,244,180,0,Rural,Y
LP000988,Female,No,2,Graduate,Yes,8519,1234,545,300,1,Urban,Y
LP000989,Female,Yes,2,Graduate,Yes,13847,6587,58,360,0,Rural,Y
LP000990,Female,Yes,3+,Not Graduate,No,14032,5446,383,120,1,Urban,Y
LP000991,Female,No,1,Not Graduate,Yes,14754,6904,382,120,0,Semiurban,Y
LP000992,Female,Yes,1,Graduate,Yes,5195,226,376,360,0,Rural,Y
LP000993,Female,Yes,1,Not Graduate,No,6178,4143,64,240,0,Urban,Y
LP000994,Female,Yes,1,Graduate,Yes,3555,7185,663,180,1,Rural,Y
LP000995,Female,Yes,1,Not Graduate,Yes,3305,2959,275,240,0,Semiurban,Y
LP000996,Male,Yes,0,Not Graduate,Yes,13700,5558,474,120,1,Urban,Y
LP000997,Male,No,2,Not Graduate,No,8619,1830,457,360,0,Rural,Y
LP000998,Female,Yes,0,Not Graduate,Yes,10280,3779,162,360,1,Rural,Y
LP000999,Female,Yes,1,Not Graduate,No,3642,186,477,240,0,Semiurban,Y
LP001000,Male,Yes,3+,Not Graduate,No,10369,6488,50,240,1,Semiurban,Y
